,Date,non_latent_close,non_latent_returns
0,2024-02-07,"Ticker
^GSPC    4996.52002
Name: 2024-02-07 19:30:00+00:00, dtype: float64",
1,2024-02-08,"Ticker
^GSPC    4998.359863
Name: 2024-02-08 19:30:00+00:00, dtype: float64","Ticker
^GSPC    0.000368
dtype: float64"
2,2024-02-09,"Ticker
^GSPC    5024.990234
Name: 2024-02-09 19:30:00+00:00, dtype: float64","Ticker
^GSPC    0.005328
dtype: float64"
3,2024-02-12,"Ticker
^GSPC    5023.080078
Name: 2024-02-12 19:30:00+00:00, dtype: float64","Ticker
^GSPC   -0.00038
dtype: float64"
4,2024-02-13,"Ticker
^GSPC    4926.410156
Name: 2024-02-13 19:30:00+00:00, dtype: float64","Ticker
^GSPC   -0.019245
dtype: float64"
5,2024-02-14,"Ticker
^GSPC    4992.410156
Name: 2024-02-14 19:30:00+00:00, dtype: float64","Ticker
^GSPC    0.013397
dtype: float64"
6,2024-02-15,"Ticker
^GSPC    5027.27002
Name: 2024-02-15 19:30:00+00:00, dtype: float64","Ticker
^GSPC    0.006983
dtype: float64"
7,2024-02-16,"Ticker
^GSPC    5016.120117
Name: 2024-02-16 19:30:00+00:00, dtype: float64","Ticker
^GSPC   -0.002218
dtype: float64"
8,2024-02-20,"Ticker
^GSPC    4976.970215
Name: 2024-02-20 19:30:00+00:00, dtype: float64","Ticker
^GSPC   -0.007805
dtype: float64"
9,2024-02-21,"Ticker
^GSPC    4953.75
Name: 2024-02-21 19:30:00+00:00, dtype: float64","Ticker
^GSPC   -0.004666
dtype: float64"
10,2024-02-22,"Ticker
^GSPC    5087.299805
Name: 2024-02-22 19:30:00+00:00, dtype: float64","Ticker
^GSPC    0.026959
dtype: float64"
11,2024-02-23,"Ticker
^GSPC    5089.049805
Name: 2024-02-23 19:30:00+00:00, dtype: float64","Ticker
^GSPC    0.000344
dtype: float64"
12,2024-02-26,"Ticker
^GSPC    5078.370117
Name: 2024-02-26 19:30:00+00:00, dtype: float64","Ticker
^GSPC   -0.002099
dtype: float64"
13,2024-02-27,"Ticker
^GSPC    5076.970215
Name: 2024-02-27 19:30:00+00:00, dtype: float64","Ticker
^GSPC   -0.000276
dtype: float64"
14,2024-02-28,"Ticker
^GSPC    5070.529785
Name: 2024-02-28 19:30:00+00:00, dtype: float64","Ticker
^GSPC   -0.001269
dtype: float64"
15,2024-02-29,"Ticker
^GSPC    5089.609863
Name: 2024-02-29 19:30:00+00:00, dtype: float64","Ticker
^GSPC    0.003763
dtype: float64"
16,2024-03-01,"Ticker
^GSPC    5136.839844
Name: 2024-03-01 19:30:00+00:00, dtype: float64","Ticker
^GSPC    0.00928
dtype: float64"
17,2024-03-04,"Ticker
^GSPC    5142.810059
Name: 2024-03-04 19:30:00+00:00, dtype: float64","Ticker
^GSPC    0.001162
dtype: float64"
18,2024-03-05,"Ticker
^GSPC    5057.629883
Name: 2024-03-05 19:30:00+00:00, dtype: float64","Ticker
^GSPC   -0.016563
dtype: float64"
19,2024-03-06,"Ticker
^GSPC    5098.640137
Name: 2024-03-06 19:30:00+00:00, dtype: float64","Ticker
^GSPC    0.008109
dtype: float64"
20,2024-03-07,"Ticker
^GSPC    5153.100098
Name: 2024-03-07 19:30:00+00:00, dtype: float64","Ticker
^GSPC    0.010681
dtype: float64"
21,2024-03-08,"Ticker
^GSPC    5125.97998
Name: 2024-03-08 19:30:00+00:00, dtype: float64","Ticker
^GSPC   -0.005263
dtype: float64"
22,2024-03-11,"Ticker
^GSPC    5114.870117
Name: 2024-03-11 18:30:00+00:00, dtype: float64","Ticker
^GSPC   -0.002167
dtype: float64"
23,2024-03-12,"Ticker
^GSPC    5177.709961
Name: 2024-03-12 18:30:00+00:00, dtype: float64","Ticker
^GSPC    0.012286
dtype: float64"
24,2024-03-13,"Ticker
^GSPC    5157.359863
Name: 2024-03-13 18:30:00+00:00, dtype: float64","Ticker
^GSPC   -0.00393
dtype: float64"
25,2024-03-14,"Ticker
^GSPC    5131.200195
Name: 2024-03-14 18:30:00+00:00, dtype: float64","Ticker
^GSPC   -0.005072
dtype: float64"
26,2024-03-15,"Ticker
^GSPC    5121.819824
Name: 2024-03-15 18:30:00+00:00, dtype: float64","Ticker
^GSPC   -0.001828
dtype: float64"
27,2024-03-18,"Ticker
^GSPC    5159.390137
Name: 2024-03-18 18:30:00+00:00, dtype: float64","Ticker
^GSPC    0.007335
dtype: float64"
28,2024-03-19,"Ticker
^GSPC    5166.049805
Name: 2024-03-19 18:30:00+00:00, dtype: float64","Ticker
^GSPC    0.001291
dtype: float64"
29,2024-03-20,"Ticker
^GSPC    5224.209961
Name: 2024-03-20 18:30:00+00:00, dtype: float64","Ticker
^GSPC    0.011258
dtype: float64"
30,2024-03-21,"Ticker
^GSPC    5247.77002
Name: 2024-03-21 18:30:00+00:00, dtype: float64","Ticker
^GSPC    0.00451
dtype: float64"
31,2024-03-22,"Ticker
^GSPC    5237.129883
Name: 2024-03-22 18:30:00+00:00, dtype: float64","Ticker
^GSPC   -0.002028
dtype: float64"
32,2024-03-25,"Ticker
^GSPC    5222.459961
Name: 2024-03-25 18:30:00+00:00, dtype: float64","Ticker
^GSPC   -0.002801
dtype: float64"
33,2024-03-26,"Ticker
^GSPC    5221.77002
Name: 2024-03-26 18:30:00+00:00, dtype: float64","Ticker
^GSPC   -0.000132
dtype: float64"
34,2024-03-27,"Ticker
^GSPC    5227.540039
Name: 2024-03-27 18:30:00+00:00, dtype: float64","Ticker
^GSPC    0.001105
dtype: float64"
35,2024-03-28,"Ticker
^GSPC    5263.299805
Name: 2024-03-28 18:30:00+00:00, dtype: float64","Ticker
^GSPC    0.006841
dtype: float64"
36,2024-04-01,"Ticker
^GSPC    5237.72998
Name: 2024-04-01 18:30:00+00:00, dtype: float64","Ticker
^GSPC   -0.004858
dtype: float64"
37,2024-04-02,"Ticker
^GSPC    5202.669922
Name: 2024-04-02 18:30:00+00:00, dtype: float64","Ticker
^GSPC   -0.006694
dtype: float64"
38,2024-04-03,"Ticker
^GSPC    5203.990234
Name: 2024-04-03 18:30:00+00:00, dtype: float64","Ticker
^GSPC    0.000254
dtype: float64"
39,2024-04-04,"Ticker
^GSPC    5155.189941
Name: 2024-04-04 18:30:00+00:00, dtype: float64","Ticker
^GSPC   -0.009377
dtype: float64"
40,2024-04-05,"Ticker
^GSPC    5200.0
Name: 2024-04-05 18:30:00+00:00, dtype: float64","Ticker
^GSPC    0.008692
dtype: float64"
41,2024-04-08,"Ticker
^GSPC    5210.640137
Name: 2024-04-08 18:30:00+00:00, dtype: float64","Ticker
^GSPC    0.002046
dtype: float64"
42,2024-04-09,"Ticker
^GSPC    5202.580078
Name: 2024-04-09 18:30:00+00:00, dtype: float64","Ticker
^GSPC   -0.001547
dtype: float64"
43,2024-04-10,"Ticker
^GSPC    5160.089844
Name: 2024-04-10 18:30:00+00:00, dtype: float64","Ticker
^GSPC   -0.008167
dtype: float64"
44,2024-04-11,"Ticker
^GSPC    5206.799805
Name: 2024-04-11 18:30:00+00:00, dtype: float64","Ticker
^GSPC    0.009052
dtype: float64"
45,2024-04-12,"Ticker
^GSPC    5111.569824
Name: 2024-04-12 18:30:00+00:00, dtype: float64","Ticker
^GSPC   -0.01829
dtype: float64"
46,2024-04-15,"Ticker
^GSPC    5058.620117
Name: 2024-04-15 18:30:00+00:00, dtype: float64","Ticker
^GSPC   -0.010359
dtype: float64"
47,2024-04-16,"Ticker
^GSPC    5072.259766
Name: 2024-04-16 18:30:00+00:00, dtype: float64","Ticker
^GSPC    0.002696
dtype: float64"
48,2024-04-17,"Ticker
^GSPC    5022.720215
Name: 2024-04-17 18:30:00+00:00, dtype: float64","Ticker
^GSPC   -0.009767
dtype: float64"
49,2024-04-18,"Ticker
^GSPC    5013.140137
Name: 2024-04-18 18:30:00+00:00, dtype: float64","Ticker
^GSPC   -0.001907
dtype: float64"
50,2024-04-19,"Ticker
^GSPC    4966.129883
Name: 2024-04-19 18:30:00+00:00, dtype: float64","Ticker
^GSPC   -0.009377
dtype: float64"
51,2024-04-22,"Ticker
^GSPC    5021.419922
Name: 2024-04-22 18:30:00+00:00, dtype: float64","Ticker
^GSPC    0.011133
dtype: float64"
52,2024-04-23,"Ticker
^GSPC    5069.569824
Name: 2024-04-23 18:30:00+00:00, dtype: float64","Ticker
^GSPC    0.009589
dtype: float64"
53,2024-04-24,"Ticker
^GSPC    5073.819824
Name: 2024-04-24 18:30:00+00:00, dtype: float64","Ticker
^GSPC    0.000838
dtype: float64"
54,2024-04-25,"Ticker
^GSPC    5056.919922
Name: 2024-04-25 18:30:00+00:00, dtype: float64","Ticker
^GSPC   -0.003331
dtype: float64"
55,2024-04-26,"Ticker
^GSPC    5112.350098
Name: 2024-04-26 18:30:00+00:00, dtype: float64","Ticker
^GSPC    0.010961
dtype: float64"
56,2024-04-29,"Ticker
^GSPC    5101.330078
Name: 2024-04-29 18:30:00+00:00, dtype: float64","Ticker
^GSPC   -0.002156
dtype: float64"
57,2024-04-30,"Ticker
^GSPC    5062.240234
Name: 2024-04-30 18:30:00+00:00, dtype: float64","Ticker
^GSPC   -0.007663
dtype: float64"
58,2024-05-01,"Ticker
^GSPC    5079.189941
Name: 2024-05-01 18:30:00+00:00, dtype: float64","Ticker
^GSPC    0.003348
dtype: float64"
59,2024-05-02,"Ticker
^GSPC    5068.509766
Name: 2024-05-02 18:30:00+00:00, dtype: float64","Ticker
^GSPC   -0.002103
dtype: float64"
60,2024-05-03,"Ticker
^GSPC    5131.649902
Name: 2024-05-03 18:30:00+00:00, dtype: float64","Ticker
^GSPC    0.012457
dtype: float64"
61,2024-05-06,"Ticker
^GSPC    5166.290039
Name: 2024-05-06 18:30:00+00:00, dtype: float64","Ticker
^GSPC    0.00675
dtype: float64"
62,2024-05-07,"Ticker
^GSPC    5186.0
Name: 2024-05-07 18:30:00+00:00, dtype: float64","Ticker
^GSPC    0.003815
dtype: float64"
63,2024-05-08,"Ticker
^GSPC    5187.709961
Name: 2024-05-08 18:30:00+00:00, dtype: float64","Ticker
^GSPC    0.00033
dtype: float64"
64,2024-05-09,"Ticker
^GSPC    5210.370117
Name: 2024-05-09 18:30:00+00:00, dtype: float64","Ticker
^GSPC    0.004368
dtype: float64"
65,2024-05-10,"Ticker
^GSPC    5223.029785
Name: 2024-05-10 18:30:00+00:00, dtype: float64","Ticker
^GSPC    0.00243
dtype: float64"
66,2024-05-13,"Ticker
^GSPC    5221.040039
Name: 2024-05-13 18:30:00+00:00, dtype: float64","Ticker
^GSPC   -0.000381
dtype: float64"
67,2024-05-14,"Ticker
^GSPC    5246.930176
Name: 2024-05-14 18:30:00+00:00, dtype: float64","Ticker
^GSPC    0.004959
dtype: float64"
68,2024-05-15,"Ticker
^GSPC    5302.419922
Name: 2024-05-15 18:30:00+00:00, dtype: float64","Ticker
^GSPC    0.010576
dtype: float64"
69,2024-05-16,"Ticker
^GSPC    5309.600098
Name: 2024-05-16 18:30:00+00:00, dtype: float64","Ticker
^GSPC    0.001354
dtype: float64"
70,2024-05-17,"Ticker
^GSPC    5302.22998
Name: 2024-05-17 18:30:00+00:00, dtype: float64","Ticker
^GSPC   -0.001388
dtype: float64"
71,2024-05-20,"Ticker
^GSPC    5312.189941
Name: 2024-05-20 18:30:00+00:00, dtype: float64","Ticker
^GSPC    0.001878
dtype: float64"
72,2024-05-21,"Ticker
^GSPC    5317.709961
Name: 2024-05-21 18:30:00+00:00, dtype: float64","Ticker
^GSPC    0.001039
dtype: float64"
73,2024-05-22,"Ticker
^GSPC    5296.930176
Name: 2024-05-22 18:30:00+00:00, dtype: float64","Ticker
^GSPC   -0.003908
dtype: float64"
74,2024-05-23,"Ticker
^GSPC    5261.299805
Name: 2024-05-23 18:30:00+00:00, dtype: float64","Ticker
^GSPC   -0.006727
dtype: float64"
75,2024-05-24,"Ticker
^GSPC    5298.819824
Name: 2024-05-24 18:30:00+00:00, dtype: float64","Ticker
^GSPC    0.007131
dtype: float64"
76,2024-05-28,"Ticker
^GSPC    5292.75
Name: 2024-05-28 18:30:00+00:00, dtype: float64","Ticker
^GSPC   -0.001146
dtype: float64"
77,2024-05-29,"Ticker
^GSPC    5277.509766
Name: 2024-05-29 18:30:00+00:00, dtype: float64","Ticker
^GSPC   -0.002879
dtype: float64"
78,2024-05-30,"Ticker
^GSPC    5241.970215
Name: 2024-05-30 18:30:00+00:00, dtype: float64","Ticker
^GSPC   -0.006734
dtype: float64"
79,2024-05-31,"Ticker
^GSPC    5230.740234
Name: 2024-05-31 18:30:00+00:00, dtype: float64","Ticker
^GSPC   -0.002142
dtype: float64"
80,2024-06-03,"Ticker
^GSPC    5270.410156
Name: 2024-06-03 18:30:00+00:00, dtype: float64","Ticker
^GSPC    0.007584
dtype: float64"
81,2024-06-04,"Ticker
^GSPC    5283.859863
Name: 2024-06-04 18:30:00+00:00, dtype: float64","Ticker
^GSPC    0.002552
dtype: float64"
82,2024-06-05,"Ticker
^GSPC    5345.200195
Name: 2024-06-05 18:30:00+00:00, dtype: float64","Ticker
^GSPC    0.011609
dtype: float64"
83,2024-06-06,"Ticker
^GSPC    5352.299805
Name: 2024-06-06 18:30:00+00:00, dtype: float64","Ticker
^GSPC    0.001328
dtype: float64"
84,2024-06-07,"Ticker
^GSPC    5353.990234
Name: 2024-06-07 18:30:00+00:00, dtype: float64","Ticker
^GSPC    0.000316
dtype: float64"
85,2024-06-10,"Ticker
^GSPC    5361.839844
Name: 2024-06-10 18:30:00+00:00, dtype: float64","Ticker
^GSPC    0.001466
dtype: float64"
86,2024-06-11,"Ticker
^GSPC    5364.740234
Name: 2024-06-11 18:30:00+00:00, dtype: float64","Ticker
^GSPC    0.000541
dtype: float64"
87,2024-06-12,"Ticker
^GSPC    5416.759766
Name: 2024-06-12 18:30:00+00:00, dtype: float64","Ticker
^GSPC    0.009697
dtype: float64"
88,2024-06-13,"Ticker
^GSPC    5431.97998
Name: 2024-06-13 18:30:00+00:00, dtype: float64","Ticker
^GSPC    0.00281
dtype: float64"
89,2024-06-14,"Ticker
^GSPC    5428.490234
Name: 2024-06-14 18:30:00+00:00, dtype: float64","Ticker
^GSPC   -0.000642
dtype: float64"
90,2024-06-17,"Ticker
^GSPC    5487.189941
Name: 2024-06-17 18:30:00+00:00, dtype: float64","Ticker
^GSPC    0.010813
dtype: float64"
91,2024-06-18,"Ticker
^GSPC    5483.140137
Name: 2024-06-18 18:30:00+00:00, dtype: float64","Ticker
^GSPC   -0.000738
dtype: float64"
92,2024-06-20,"Ticker
^GSPC    5475.22998
Name: 2024-06-20 18:30:00+00:00, dtype: float64","Ticker
^GSPC   -0.001443
dtype: float64"
93,2024-06-21,"Ticker
^GSPC    5465.439941
Name: 2024-06-21 18:30:00+00:00, dtype: float64","Ticker
^GSPC   -0.001788
dtype: float64"
94,2024-06-24,"Ticker
^GSPC    5463.189941
Name: 2024-06-24 18:30:00+00:00, dtype: float64","Ticker
^GSPC   -0.000412
dtype: float64"
95,2024-06-25,"Ticker
^GSPC    5472.720215
Name: 2024-06-25 18:30:00+00:00, dtype: float64","Ticker
^GSPC    0.001744
dtype: float64"
96,2024-06-26,"Ticker
^GSPC    5467.759766
Name: 2024-06-26 18:30:00+00:00, dtype: float64","Ticker
^GSPC   -0.000906
dtype: float64"
97,2024-06-27,"Ticker
^GSPC    5478.740234
Name: 2024-06-27 18:30:00+00:00, dtype: float64","Ticker
^GSPC    0.002008
dtype: float64"
98,2024-06-28,"Ticker
^GSPC    5468.390137
Name: 2024-06-28 18:30:00+00:00, dtype: float64","Ticker
^GSPC   -0.001889
dtype: float64"
99,2024-07-01,"Ticker
^GSPC    5464.350098
Name: 2024-07-01 18:30:00+00:00, dtype: float64","Ticker
^GSPC   -0.000739
dtype: float64"
100,2024-07-02,"Ticker
^GSPC    5500.669922
Name: 2024-07-02 18:30:00+00:00, dtype: float64","Ticker
^GSPC    0.006647
dtype: float64"
101,2024-07-03,"Ticker
^GSPC    5521.509766
Name: 2024-07-03 14:30:00+00:00, dtype: float64","Ticker
^GSPC    0.003789
dtype: float64"
102,2024-07-05,"Ticker
^GSPC    5563.819824
Name: 2024-07-05 18:30:00+00:00, dtype: float64","Ticker
^GSPC    0.007663
dtype: float64"
103,2024-07-08,"Ticker
^GSPC    5565.680176
Name: 2024-07-08 18:30:00+00:00, dtype: float64","Ticker
^GSPC    0.000334
dtype: float64"
104,2024-07-09,"Ticker
^GSPC    5577.0
Name: 2024-07-09 18:30:00+00:00, dtype: float64","Ticker
^GSPC    0.002034
dtype: float64"
105,2024-07-10,"Ticker
^GSPC    5619.379883
Name: 2024-07-10 18:30:00+00:00, dtype: float64","Ticker
^GSPC    0.007599
dtype: float64"
106,2024-07-11,"Ticker
^GSPC    5584.160156
Name: 2024-07-11 18:30:00+00:00, dtype: float64","Ticker
^GSPC   -0.006268
dtype: float64"
107,2024-07-12,"Ticker
^GSPC    5647.220215
Name: 2024-07-12 18:30:00+00:00, dtype: float64","Ticker
^GSPC    0.011293
dtype: float64"
108,2024-07-15,"Ticker
^GSPC    5639.220215
Name: 2024-07-15 18:30:00+00:00, dtype: float64","Ticker
^GSPC   -0.001417
dtype: float64"
109,2024-07-16,"Ticker
^GSPC    5662.669922
Name: 2024-07-16 18:30:00+00:00, dtype: float64","Ticker
^GSPC    0.004158
dtype: float64"
110,2024-07-17,"Ticker
^GSPC    5598.470215
Name: 2024-07-17 18:30:00+00:00, dtype: float64","Ticker
^GSPC   -0.011337
dtype: float64"
111,2024-07-18,"Ticker
^GSPC    5532.160156
Name: 2024-07-18 18:30:00+00:00, dtype: float64","Ticker
^GSPC   -0.011844
dtype: float64"
112,2024-07-19,"Ticker
^GSPC    5517.930176
Name: 2024-07-19 18:30:00+00:00, dtype: float64","Ticker
^GSPC   -0.002572
dtype: float64"
113,2024-07-22,"Ticker
^GSPC    5563.049805
Name: 2024-07-22 18:30:00+00:00, dtype: float64","Ticker
^GSPC    0.008177
dtype: float64"
114,2024-07-23,"Ticker
^GSPC    5570.0
Name: 2024-07-23 18:30:00+00:00, dtype: float64","Ticker
^GSPC    0.001249
dtype: float64"
115,2024-07-24,"Ticker
^GSPC    5433.259766
Name: 2024-07-24 18:30:00+00:00, dtype: float64","Ticker
^GSPC   -0.024549
dtype: float64"
116,2024-07-25,"Ticker
^GSPC    5448.589844
Name: 2024-07-25 18:30:00+00:00, dtype: float64","Ticker
^GSPC    0.002822
dtype: float64"
117,2024-07-26,"Ticker
^GSPC    5464.390137
Name: 2024-07-26 18:30:00+00:00, dtype: float64","Ticker
^GSPC    0.0029
dtype: float64"
118,2024-07-29,"Ticker
^GSPC    5471.029785
Name: 2024-07-29 18:30:00+00:00, dtype: float64","Ticker
^GSPC    0.001215
dtype: float64"
119,2024-07-30,"Ticker
^GSPC    5433.27002
Name: 2024-07-30 18:30:00+00:00, dtype: float64","Ticker
^GSPC   -0.006902
dtype: float64"
120,2024-07-31,"Ticker
^GSPC    5513.569824
Name: 2024-07-31 18:30:00+00:00, dtype: float64","Ticker
^GSPC    0.014779
dtype: float64"
121,2024-08-01,"Ticker
^GSPC    5430.740234
Name: 2024-08-01 18:30:00+00:00, dtype: float64","Ticker
^GSPC   -0.015023
dtype: float64"
122,2024-08-02,"Ticker
^GSPC    5338.549805
Name: 2024-08-02 18:30:00+00:00, dtype: float64","Ticker
^GSPC   -0.016976
dtype: float64"
123,2024-08-05,"Ticker
^GSPC    5179.22998
Name: 2024-08-05 18:30:00+00:00, dtype: float64","Ticker
^GSPC   -0.029843
dtype: float64"
124,2024-08-06,"Ticker
^GSPC    5282.069824
Name: 2024-08-06 18:30:00+00:00, dtype: float64","Ticker
^GSPC    0.019856
dtype: float64"
125,2024-08-07,"Ticker
^GSPC    5225.620117
Name: 2024-08-07 18:30:00+00:00, dtype: float64","Ticker
^GSPC   -0.010687
dtype: float64"
126,2024-08-08,"Ticker
^GSPC    5308.419922
Name: 2024-08-08 18:30:00+00:00, dtype: float64","Ticker
^GSPC    0.015845
dtype: float64"
127,2024-08-09,"Ticker
^GSPC    5342.200195
Name: 2024-08-09 18:30:00+00:00, dtype: float64","Ticker
^GSPC    0.006364
dtype: float64"
128,2024-08-12,"Ticker
^GSPC    5340.47998
Name: 2024-08-12 18:30:00+00:00, dtype: float64","Ticker
^GSPC   -0.000322
dtype: float64"
129,2024-08-13,"Ticker
^GSPC    5426.330078
Name: 2024-08-13 18:30:00+00:00, dtype: float64","Ticker
^GSPC    0.016075
dtype: float64"
130,2024-08-14,"Ticker
^GSPC    5445.299805
Name: 2024-08-14 18:30:00+00:00, dtype: float64","Ticker
^GSPC    0.003496
dtype: float64"
131,2024-08-15,"Ticker
^GSPC    5543.879883
Name: 2024-08-15 18:30:00+00:00, dtype: float64","Ticker
^GSPC    0.018104
dtype: float64"
132,2024-08-16,"Ticker
^GSPC    5553.419922
Name: 2024-08-16 18:30:00+00:00, dtype: float64","Ticker
^GSPC    0.001721
dtype: float64"
133,2024-08-19,"Ticker
^GSPC    5594.100098
Name: 2024-08-19 18:30:00+00:00, dtype: float64","Ticker
^GSPC    0.007325
dtype: float64"
134,2024-08-20,"Ticker
^GSPC    5598.47998
Name: 2024-08-20 18:30:00+00:00, dtype: float64","Ticker
^GSPC    0.000783
dtype: float64"
135,2024-08-21,"Ticker
^GSPC    5612.399902
Name: 2024-08-21 18:30:00+00:00, dtype: float64","Ticker
^GSPC    0.002486
dtype: float64"
136,2024-08-22,"Ticker
^GSPC    5568.410156
Name: 2024-08-22 18:30:00+00:00, dtype: float64","Ticker
^GSPC   -0.007838
dtype: float64"
137,2024-08-23,"Ticker
^GSPC    5633.060059
Name: 2024-08-23 18:30:00+00:00, dtype: float64","Ticker
^GSPC    0.01161
dtype: float64"
138,2024-08-26,"Ticker
^GSPC    5615.560059
Name: 2024-08-26 18:30:00+00:00, dtype: float64","Ticker
^GSPC   -0.003107
dtype: float64"
139,2024-08-27,"Ticker
^GSPC    5625.810059
Name: 2024-08-27 18:30:00+00:00, dtype: float64","Ticker
^GSPC    0.001825
dtype: float64"
140,2024-08-28,"Ticker
^GSPC    5595.779785
Name: 2024-08-28 18:30:00+00:00, dtype: float64","Ticker
^GSPC   -0.005338
dtype: float64"
141,2024-08-29,"Ticker
^GSPC    5601.319824
Name: 2024-08-29 18:30:00+00:00, dtype: float64","Ticker
^GSPC    0.00099
dtype: float64"
142,2024-08-30,"Ticker
^GSPC    5627.370117
Name: 2024-08-30 18:30:00+00:00, dtype: float64","Ticker
^GSPC    0.004651
dtype: float64"
143,2024-09-03,"Ticker
^GSPC    5533.75
Name: 2024-09-03 18:30:00+00:00, dtype: float64","Ticker
^GSPC   -0.016637
dtype: float64"
144,2024-09-04,"Ticker
^GSPC    5515.47998
Name: 2024-09-04 18:30:00+00:00, dtype: float64","Ticker
^GSPC   -0.003302
dtype: float64"
145,2024-09-05,"Ticker
^GSPC    5501.680176
Name: 2024-09-05 18:30:00+00:00, dtype: float64","Ticker
^GSPC   -0.002502
dtype: float64"
146,2024-09-06,"Ticker
^GSPC    5421.049805
Name: 2024-09-06 18:30:00+00:00, dtype: float64","Ticker
^GSPC   -0.014656
dtype: float64"
147,2024-09-09,"Ticker
^GSPC    5462.890137
Name: 2024-09-09 18:30:00+00:00, dtype: float64","Ticker
^GSPC    0.007718
dtype: float64"
148,2024-09-10,"Ticker
^GSPC    5494.540039
Name: 2024-09-10 18:30:00+00:00, dtype: float64","Ticker
^GSPC    0.005794
dtype: float64"
149,2024-09-11,"Ticker
^GSPC    5540.220215
Name: 2024-09-11 18:30:00+00:00, dtype: float64","Ticker
^GSPC    0.008314
dtype: float64"
150,2024-09-12,"Ticker
^GSPC    5594.540039
Name: 2024-09-12 18:30:00+00:00, dtype: float64","Ticker
^GSPC    0.009805
dtype: float64"
151,2024-09-13,"Ticker
^GSPC    5624.310059
Name: 2024-09-13 18:30:00+00:00, dtype: float64","Ticker
^GSPC    0.005321
dtype: float64"
152,2024-09-16,"Ticker
^GSPC    5627.620117
Name: 2024-09-16 18:30:00+00:00, dtype: float64","Ticker
^GSPC    0.000589
dtype: float64"
153,2024-09-17,"Ticker
^GSPC    5626.689941
Name: 2024-09-17 18:30:00+00:00, dtype: float64","Ticker
^GSPC   -0.000165
dtype: float64"
154,2024-09-18,"Ticker
^GSPC    5654.189941
Name: 2024-09-18 18:30:00+00:00, dtype: float64","Ticker
^GSPC    0.004887
dtype: float64"
155,2024-09-19,"Ticker
^GSPC    5717.02002
Name: 2024-09-19 18:30:00+00:00, dtype: float64","Ticker
^GSPC    0.011112
dtype: float64"
156,2024-09-20,"Ticker
^GSPC    5704.830078
Name: 2024-09-20 18:30:00+00:00, dtype: float64","Ticker
^GSPC   -0.002132
dtype: float64"
157,2024-09-23,"Ticker
^GSPC    5717.310059
Name: 2024-09-23 18:30:00+00:00, dtype: float64","Ticker
^GSPC    0.002188
dtype: float64"
158,2024-09-24,"Ticker
^GSPC    5728.640137
Name: 2024-09-24 18:30:00+00:00, dtype: float64","Ticker
^GSPC    0.001982
dtype: float64"
159,2024-09-25,"Ticker
^GSPC    5720.930176
Name: 2024-09-25 18:30:00+00:00, dtype: float64","Ticker
^GSPC   -0.001346
dtype: float64"
160,2024-09-26,"Ticker
^GSPC    5743.220215
Name: 2024-09-26 18:30:00+00:00, dtype: float64","Ticker
^GSPC    0.003896
dtype: float64"
161,2024-09-27,"Ticker
^GSPC    5741.810059
Name: 2024-09-27 18:30:00+00:00, dtype: float64","Ticker
^GSPC   -0.000246
dtype: float64"
162,2024-09-30,"Ticker
^GSPC    5730.350098
Name: 2024-09-30 18:30:00+00:00, dtype: float64","Ticker
^GSPC   -0.001996
dtype: float64"
163,2024-10-01,"Ticker
^GSPC    5723.970215
Name: 2024-10-01 18:30:00+00:00, dtype: float64","Ticker
^GSPC   -0.001113
dtype: float64"
164,2024-10-02,"Ticker
^GSPC    5713.029785
Name: 2024-10-02 18:30:00+00:00, dtype: float64","Ticker
^GSPC   -0.001911
dtype: float64"
165,2024-10-03,"Ticker
^GSPC    5686.319824
Name: 2024-10-03 18:30:00+00:00, dtype: float64","Ticker
^GSPC   -0.004675
dtype: float64"
166,2024-10-04,"Ticker
^GSPC    5740.330078
Name: 2024-10-04 18:30:00+00:00, dtype: float64","Ticker
^GSPC    0.009498
dtype: float64"
167,2024-10-07,"Ticker
^GSPC    5698.509766
Name: 2024-10-07 18:30:00+00:00, dtype: float64","Ticker
^GSPC   -0.007285
dtype: float64"
168,2024-10-08,"Ticker
^GSPC    5749.120117
Name: 2024-10-08 18:30:00+00:00, dtype: float64","Ticker
^GSPC    0.008881
dtype: float64"
169,2024-10-09,"Ticker
^GSPC    5786.850098
Name: 2024-10-09 18:30:00+00:00, dtype: float64","Ticker
^GSPC    0.006563
dtype: float64"
170,2024-10-10,"Ticker
^GSPC    5773.029785
Name: 2024-10-10 18:30:00+00:00, dtype: float64","Ticker
^GSPC   -0.002388
dtype: float64"
171,2024-10-11,"Ticker
^GSPC    5819.700195
Name: 2024-10-11 18:30:00+00:00, dtype: float64","Ticker
^GSPC    0.008084
dtype: float64"
172,2024-10-14,"Ticker
^GSPC    5864.350098
Name: 2024-10-14 18:30:00+00:00, dtype: float64","Ticker
^GSPC    0.007672
dtype: float64"
173,2024-10-15,"Ticker
^GSPC    5811.629883
Name: 2024-10-15 18:30:00+00:00, dtype: float64","Ticker
^GSPC   -0.00899
dtype: float64"
174,2024-10-16,"Ticker
^GSPC    5842.259766
Name: 2024-10-16 18:30:00+00:00, dtype: float64","Ticker
^GSPC    0.00527
dtype: float64"
175,2024-10-17,"Ticker
^GSPC    5844.799805
Name: 2024-10-17 18:30:00+00:00, dtype: float64","Ticker
^GSPC    0.000435
dtype: float64"
176,2024-10-18,"Ticker
^GSPC    5863.339844
Name: 2024-10-18 18:30:00+00:00, dtype: float64","Ticker
^GSPC    0.003172
dtype: float64"
177,2024-10-21,"Ticker
^GSPC    5847.870117
Name: 2024-10-21 18:30:00+00:00, dtype: float64","Ticker
^GSPC   -0.002638
dtype: float64"
178,2024-10-22,"Ticker
^GSPC    5854.359863
Name: 2024-10-22 18:30:00+00:00, dtype: float64","Ticker
^GSPC    0.00111
dtype: float64"
179,2024-10-23,"Ticker
^GSPC    5790.850098
Name: 2024-10-23 18:30:00+00:00, dtype: float64","Ticker
^GSPC   -0.010848
dtype: float64"
180,2024-10-24,"Ticker
^GSPC    5812.200195
Name: 2024-10-24 18:30:00+00:00, dtype: float64","Ticker
^GSPC    0.003687
dtype: float64"
181,2024-10-25,"Ticker
^GSPC    5813.660156
Name: 2024-10-25 18:30:00+00:00, dtype: float64","Ticker
^GSPC    0.000251
dtype: float64"
182,2024-10-28,"Ticker
^GSPC    5832.919922
Name: 2024-10-28 18:30:00+00:00, dtype: float64","Ticker
^GSPC    0.003313
dtype: float64"
183,2024-10-29,"Ticker
^GSPC    5846.75
Name: 2024-10-29 18:30:00+00:00, dtype: float64","Ticker
^GSPC    0.002371
dtype: float64"
184,2024-10-30,"Ticker
^GSPC    5824.25
Name: 2024-10-30 18:30:00+00:00, dtype: float64","Ticker
^GSPC   -0.003848
dtype: float64"
185,2024-10-31,"Ticker
^GSPC    5728.569824
Name: 2024-10-31 18:30:00+00:00, dtype: float64","Ticker
^GSPC   -0.016428
dtype: float64"
186,2024-11-01,"Ticker
^GSPC    5735.310059
Name: 2024-11-01 18:30:00+00:00, dtype: float64","Ticker
^GSPC    0.001177
dtype: float64"
187,2024-11-04,"Ticker
^GSPC    5718.879883
Name: 2024-11-04 19:30:00+00:00, dtype: float64","Ticker
^GSPC   -0.002865
dtype: float64"
188,2024-11-05,"Ticker
^GSPC    5774.160156
Name: 2024-11-05 19:30:00+00:00, dtype: float64","Ticker
^GSPC    0.009666
dtype: float64"
189,2024-11-06,"Ticker
^GSPC    5928.410156
Name: 2024-11-06 19:30:00+00:00, dtype: float64","Ticker
^GSPC    0.026714
dtype: float64"
190,2024-11-07,"Ticker
^GSPC    5978.810059
Name: 2024-11-07 19:30:00+00:00, dtype: float64","Ticker
^GSPC    0.008501
dtype: float64"
191,2024-11-08,"Ticker
^GSPC    5999.27002
Name: 2024-11-08 19:30:00+00:00, dtype: float64","Ticker
^GSPC    0.003422
dtype: float64"
192,2024-11-11,"Ticker
^GSPC    5999.220215
Name: 2024-11-11 19:30:00+00:00, dtype: float64","Ticker
^GSPC   -0.000008
dtype: float64"
193,2024-11-12,"Ticker
^GSPC    5990.169922
Name: 2024-11-12 19:30:00+00:00, dtype: float64","Ticker
^GSPC   -0.001509
dtype: float64"
194,2024-11-13,"Ticker
^GSPC    5991.649902
Name: 2024-11-13 19:30:00+00:00, dtype: float64","Ticker
^GSPC    0.000247
dtype: float64"
195,2024-11-14,"Ticker
^GSPC    5956.240234
Name: 2024-11-14 19:30:00+00:00, dtype: float64","Ticker
^GSPC   -0.00591
dtype: float64"
196,2024-11-15,"Ticker
^GSPC    5867.439941
Name: 2024-11-15 19:30:00+00:00, dtype: float64","Ticker
^GSPC   -0.014909
dtype: float64"
197,2024-11-18,"Ticker
^GSPC    5897.279785
Name: 2024-11-18 19:30:00+00:00, dtype: float64","Ticker
^GSPC    0.005086
dtype: float64"
198,2024-11-19,"Ticker
^GSPC    5912.040039
Name: 2024-11-19 19:30:00+00:00, dtype: float64","Ticker
^GSPC    0.002503
dtype: float64"
199,2024-11-20,"Ticker
^GSPC    5897.490234
Name: 2024-11-20 19:30:00+00:00, dtype: float64","Ticker
^GSPC   -0.002461
dtype: float64"
200,2024-11-21,"Ticker
^GSPC    5961.47998
Name: 2024-11-21 19:30:00+00:00, dtype: float64","Ticker
^GSPC    0.01085
dtype: float64"
201,2024-11-22,"Ticker
^GSPC    5959.709961
Name: 2024-11-22 19:30:00+00:00, dtype: float64","Ticker
^GSPC   -0.000297
dtype: float64"
202,2024-11-25,"Ticker
^GSPC    5983.220215
Name: 2024-11-25 19:30:00+00:00, dtype: float64","Ticker
^GSPC    0.003945
dtype: float64"
203,2024-11-26,"Ticker
^GSPC    6015.52002
Name: 2024-11-26 19:30:00+00:00, dtype: float64","Ticker
^GSPC    0.005398
dtype: float64"
204,2024-11-27,"Ticker
^GSPC    5997.069824
Name: 2024-11-27 19:30:00+00:00, dtype: float64","Ticker
^GSPC   -0.003067
dtype: float64"
205,2024-11-29,"Ticker
^GSPC    6034.299805
Name: 2024-11-29 15:30:00+00:00, dtype: float64","Ticker
^GSPC    0.006208
dtype: float64"
206,2024-12-02,"Ticker
^GSPC    6053.350098
Name: 2024-12-02 19:30:00+00:00, dtype: float64","Ticker
^GSPC    0.003157
dtype: float64"
207,2024-12-03,"Ticker
^GSPC    6049.799805
Name: 2024-12-03 19:30:00+00:00, dtype: float64","Ticker
^GSPC   -0.000587
dtype: float64"
208,2024-12-04,"Ticker
^GSPC    6083.22998
Name: 2024-12-04 19:30:00+00:00, dtype: float64","Ticker
^GSPC    0.005526
dtype: float64"
209,2024-12-05,"Ticker
^GSPC    6077.330078
Name: 2024-12-05 19:30:00+00:00, dtype: float64","Ticker
^GSPC   -0.00097
dtype: float64"
210,2024-12-06,"Ticker
^GSPC    6085.620117
Name: 2024-12-06 19:30:00+00:00, dtype: float64","Ticker
^GSPC    0.001364
dtype: float64"
211,2024-12-09,"Ticker
^GSPC    6052.580078
Name: 2024-12-09 19:30:00+00:00, dtype: float64","Ticker
^GSPC   -0.005429
dtype: float64"
212,2024-12-10,"Ticker
^GSPC    6035.009766
Name: 2024-12-10 19:30:00+00:00, dtype: float64","Ticker
^GSPC   -0.002903
dtype: float64"
213,2024-12-11,"Ticker
^GSPC    6089.939941
Name: 2024-12-11 19:30:00+00:00, dtype: float64","Ticker
^GSPC    0.009102
dtype: float64"
214,2024-12-12,"Ticker
^GSPC    6057.319824
Name: 2024-12-12 19:30:00+00:00, dtype: float64","Ticker
^GSPC   -0.005356
dtype: float64"
215,2024-12-13,"Ticker
^GSPC    6050.680176
Name: 2024-12-13 19:30:00+00:00, dtype: float64","Ticker
^GSPC   -0.001096
dtype: float64"
216,2024-12-16,"Ticker
^GSPC    6083.069824
Name: 2024-12-16 19:30:00+00:00, dtype: float64","Ticker
^GSPC    0.005353
dtype: float64"
217,2024-12-17,"Ticker
^GSPC    6037.209961
Name: 2024-12-17 19:30:00+00:00, dtype: float64","Ticker
^GSPC   -0.007539
dtype: float64"
218,2024-12-18,"Ticker
^GSPC    5937.089844
Name: 2024-12-18 19:30:00+00:00, dtype: float64","Ticker
^GSPC   -0.016584
dtype: float64"
219,2024-12-19,"Ticker
^GSPC    5892.200195
Name: 2024-12-19 19:30:00+00:00, dtype: float64","Ticker
^GSPC   -0.007561
dtype: float64"
220,2024-12-20,"Ticker
^GSPC    5943.919922
Name: 2024-12-20 19:30:00+00:00, dtype: float64","Ticker
^GSPC    0.008778
dtype: float64"
221,2024-12-23,"Ticker
^GSPC    5958.080078
Name: 2024-12-23 19:30:00+00:00, dtype: float64","Ticker
^GSPC    0.002382
dtype: float64"
222,2024-12-24,"Ticker
^GSPC    6018.189941
Name: 2024-12-24 15:30:00+00:00, dtype: float64","Ticker
^GSPC    0.010089
dtype: float64"
223,2024-12-26,"Ticker
^GSPC    6043.509766
Name: 2024-12-26 19:30:00+00:00, dtype: float64","Ticker
^GSPC    0.004207
dtype: float64"
224,2024-12-27,"Ticker
^GSPC    5960.850098
Name: 2024-12-27 19:30:00+00:00, dtype: float64","Ticker
^GSPC   -0.013677
dtype: float64"
225,2024-12-30,"Ticker
^GSPC    5920.220215
Name: 2024-12-30 19:30:00+00:00, dtype: float64","Ticker
^GSPC   -0.006816
dtype: float64"
226,2024-12-31,"Ticker
^GSPC    5895.660156
Name: 2024-12-31 19:30:00+00:00, dtype: float64","Ticker
^GSPC   -0.004149
dtype: float64"
227,2025-01-02,"Ticker
^GSPC    5867.649902
Name: 2025-01-02 19:30:00+00:00, dtype: float64","Ticker
^GSPC   -0.004751
dtype: float64"
228,2025-01-03,"Ticker
^GSPC    5943.149902
Name: 2025-01-03 19:30:00+00:00, dtype: float64","Ticker
^GSPC    0.012867
dtype: float64"
229,2025-01-06,"Ticker
^GSPC    5973.990234
Name: 2025-01-06 19:30:00+00:00, dtype: float64","Ticker
^GSPC    0.005189
dtype: float64"
230,2025-01-07,"Ticker
^GSPC    5901.399902
Name: 2025-01-07 19:30:00+00:00, dtype: float64","Ticker
^GSPC   -0.012151
dtype: float64"
231,2025-01-08,"Ticker
^GSPC    5913.490234
Name: 2025-01-08 19:30:00+00:00, dtype: float64","Ticker
^GSPC    0.002049
dtype: float64"
232,2025-01-10,"Ticker
^GSPC    5824.939941
Name: 2025-01-10 19:30:00+00:00, dtype: float64","Ticker
^GSPC   -0.014974
dtype: float64"
233,2025-01-13,"Ticker
^GSPC    5822.109863
Name: 2025-01-13 19:30:00+00:00, dtype: float64","Ticker
^GSPC   -0.000486
dtype: float64"
234,2025-01-14,"Ticker
^GSPC    5825.930176
Name: 2025-01-14 19:30:00+00:00, dtype: float64","Ticker
^GSPC    0.000656
dtype: float64"
235,2025-01-15,"Ticker
^GSPC    5957.660156
Name: 2025-01-15 19:30:00+00:00, dtype: float64","Ticker
^GSPC    0.022611
dtype: float64"
236,2025-01-16,"Ticker
^GSPC    5944.25
Name: 2025-01-16 19:30:00+00:00, dtype: float64","Ticker
^GSPC   -0.002251
dtype: float64"
237,2025-01-17,"Ticker
^GSPC    6002.069824
Name: 2025-01-17 19:30:00+00:00, dtype: float64","Ticker
^GSPC    0.009727
dtype: float64"
238,2025-01-21,"Ticker
^GSPC    6048.589844
Name: 2025-01-21 19:30:00+00:00, dtype: float64","Ticker
^GSPC    0.007751
dtype: float64"
239,2025-01-22,"Ticker
^GSPC    6092.209961
Name: 2025-01-22 19:30:00+00:00, dtype: float64","Ticker
^GSPC    0.007212
dtype: float64"
240,2025-01-23,"Ticker
^GSPC    6101.810059
Name: 2025-01-23 19:30:00+00:00, dtype: float64","Ticker
^GSPC    0.001576
dtype: float64"
241,2025-01-24,"Ticker
^GSPC    6090.899902
Name: 2025-01-24 19:30:00+00:00, dtype: float64","Ticker
^GSPC   -0.001788
dtype: float64"
242,2025-01-27,"Ticker
^GSPC    5993.870117
Name: 2025-01-27 19:30:00+00:00, dtype: float64","Ticker
^GSPC   -0.01593
dtype: float64"
243,2025-01-28,"Ticker
^GSPC    6071.939941
Name: 2025-01-28 19:30:00+00:00, dtype: float64","Ticker
^GSPC    0.013025
dtype: float64"
244,2025-01-29,"Ticker
^GSPC    6054.27002
Name: 2025-01-29 19:30:00+00:00, dtype: float64","Ticker
^GSPC   -0.00291
dtype: float64"
245,2025-01-30,"Ticker
^GSPC    6083.930176
Name: 2025-01-30 19:30:00+00:00, dtype: float64","Ticker
^GSPC    0.004899
dtype: float64"
246,2025-01-31,"Ticker
^GSPC    6036.790039
Name: 2025-01-31 19:30:00+00:00, dtype: float64","Ticker
^GSPC   -0.007748
dtype: float64"
247,2025-02-03,"Ticker
^GSPC    6004.379883
Name: 2025-02-03 19:30:00+00:00, dtype: float64","Ticker
^GSPC   -0.005369
dtype: float64"
248,2025-02-04,"Ticker
^GSPC    6030.490234
Name: 2025-02-04 19:30:00+00:00, dtype: float64","Ticker
^GSPC    0.004349
dtype: float64"
249,2025-02-05,"Ticker
^GSPC    6056.870117
Name: 2025-02-05 19:30:00+00:00, dtype: float64","Ticker
^GSPC    0.004374
dtype: float64"
250,2025-02-06,"Ticker
^GSPC    6066.580078
Name: 2025-02-06 19:30:00+00:00, dtype: float64","Ticker
^GSPC    0.001603
dtype: float64"
251,2025-02-07,"Ticker
^GSPC    6022.759766
Name: 2025-02-07 19:30:00+00:00, dtype: float64","Ticker
^GSPC   -0.007223
dtype: float64"
252,2025-02-10,"Ticker
^GSPC    6067.540039
Name: 2025-02-10 19:30:00+00:00, dtype: float64","Ticker
^GSPC    0.007435
dtype: float64"
253,2025-02-11,"Ticker
^GSPC    6070.75
Name: 2025-02-11 19:30:00+00:00, dtype: float64","Ticker
^GSPC    0.000529
dtype: float64"
254,2025-02-12,"Ticker
^GSPC    6050.990234
Name: 2025-02-12 19:30:00+00:00, dtype: float64","Ticker
^GSPC   -0.003255
dtype: float64"
255,2025-02-13,"Ticker
^GSPC    6112.859863
Name: 2025-02-13 19:30:00+00:00, dtype: float64","Ticker
^GSPC    0.010225
dtype: float64"
256,2025-02-14,"Ticker
^GSPC    6113.149902
Name: 2025-02-14 19:30:00+00:00, dtype: float64","Ticker
^GSPC    0.000047
dtype: float64"
257,2025-02-18,"Ticker
^GSPC    6113.209961
Name: 2025-02-18 19:30:00+00:00, dtype: float64","Ticker
^GSPC    0.00001
dtype: float64"
258,2025-02-19,"Ticker
^GSPC    6136.120117
Name: 2025-02-19 19:30:00+00:00, dtype: float64","Ticker
^GSPC    0.003748
dtype: float64"
259,2025-02-20,"Ticker
^GSPC    6112.799805
Name: 2025-02-20 19:30:00+00:00, dtype: float64","Ticker
^GSPC   -0.0038
dtype: float64"
260,2025-02-21,"Ticker
^GSPC    6019.240234
Name: 2025-02-21 19:30:00+00:00, dtype: float64","Ticker
^GSPC   -0.015306
dtype: float64"
261,2025-02-24,"Ticker
^GSPC    6004.410156
Name: 2025-02-24 19:30:00+00:00, dtype: float64","Ticker
^GSPC   -0.002464
dtype: float64"
262,2025-02-25,"Ticker
^GSPC    5972.129883
Name: 2025-02-25 19:30:00+00:00, dtype: float64","Ticker
^GSPC   -0.005376
dtype: float64"
263,2025-02-26,"Ticker
^GSPC    5949.990234
Name: 2025-02-26 19:30:00+00:00, dtype: float64","Ticker
^GSPC   -0.003707
dtype: float64"
264,2025-02-27,"Ticker
^GSPC    5876.370117
Name: 2025-02-27 19:30:00+00:00, dtype: float64","Ticker
^GSPC   -0.012373
dtype: float64"
265,2025-02-28,"Ticker
^GSPC    5908.680176
Name: 2025-02-28 19:30:00+00:00, dtype: float64","Ticker
^GSPC    0.005498
dtype: float64"
266,2025-03-03,"Ticker
^GSPC    5823.27002
Name: 2025-03-03 19:30:00+00:00, dtype: float64","Ticker
^GSPC   -0.014455
dtype: float64"
267,2025-03-04,"Ticker
^GSPC    5851.5
Name: 2025-03-04 19:30:00+00:00, dtype: float64","Ticker
^GSPC    0.004848
dtype: float64"
268,2025-03-05,"Ticker
^GSPC    5853.640137
Name: 2025-03-05 19:30:00+00:00, dtype: float64","Ticker
^GSPC    0.000366
dtype: float64"
269,2025-03-06,"Ticker
^GSPC    5740.779785
Name: 2025-03-06 19:30:00+00:00, dtype: float64","Ticker
^GSPC   -0.01928
dtype: float64"
270,2025-03-07,"Ticker
^GSPC    5769.810059
Name: 2025-03-07 19:30:00+00:00, dtype: float64","Ticker
^GSPC    0.005057
dtype: float64"
271,2025-03-10,"Ticker
^GSPC    5605.029785
Name: 2025-03-10 18:30:00+00:00, dtype: float64","Ticker
^GSPC   -0.028559
dtype: float64"
272,2025-03-11,"Ticker
^GSPC    5604.310059
Name: 2025-03-11 18:30:00+00:00, dtype: float64","Ticker
^GSPC   -0.000128
dtype: float64"
273,2025-03-12,"Ticker
^GSPC    5605.009766
Name: 2025-03-12 18:30:00+00:00, dtype: float64","Ticker
^GSPC    0.000125
dtype: float64"
274,2025-03-13,"Ticker
^GSPC    5522.25
Name: 2025-03-13 18:30:00+00:00, dtype: float64","Ticker
^GSPC   -0.014765
dtype: float64"
275,2025-03-14,"Ticker
^GSPC    5625.240234
Name: 2025-03-14 18:30:00+00:00, dtype: float64","Ticker
^GSPC    0.01865
dtype: float64"
276,2025-03-17,"Ticker
^GSPC    5696.919922
Name: 2025-03-17 18:30:00+00:00, dtype: float64","Ticker
^GSPC    0.012743
dtype: float64"
277,2025-03-18,"Ticker
^GSPC    5617.419922
Name: 2025-03-18 18:30:00+00:00, dtype: float64","Ticker
^GSPC   -0.013955
dtype: float64"
278,2025-03-19,"Ticker
^GSPC    5678.209961
Name: 2025-03-19 18:30:00+00:00, dtype: float64","Ticker
^GSPC    0.010822
dtype: float64"
279,2025-03-20,"Ticker
^GSPC    5652.359863
Name: 2025-03-20 18:30:00+00:00, dtype: float64","Ticker
^GSPC   -0.004553
dtype: float64"
280,2025-03-21,"Ticker
^GSPC    5642.450195
Name: 2025-03-21 18:30:00+00:00, dtype: float64","Ticker
^GSPC   -0.001753
dtype: float64"
281,2025-03-24,"Ticker
^GSPC    5761.890137
Name: 2025-03-24 18:30:00+00:00, dtype: float64","Ticker
^GSPC    0.021168
dtype: float64"
282,2025-03-25,"Ticker
^GSPC    5764.580078
Name: 2025-03-25 18:30:00+00:00, dtype: float64","Ticker
^GSPC    0.000467
dtype: float64"
283,2025-03-26,"Ticker
^GSPC    5699.220215
Name: 2025-03-26 18:30:00+00:00, dtype: float64","Ticker
^GSPC   -0.011338
dtype: float64"
284,2025-03-27,"Ticker
^GSPC    5719.899902
Name: 2025-03-27 18:30:00+00:00, dtype: float64","Ticker
^GSPC    0.003629
dtype: float64"
285,2025-03-28,"Ticker
^GSPC    5579.160156
Name: 2025-03-28 18:30:00+00:00, dtype: float64","Ticker
^GSPC   -0.024605
dtype: float64"
286,2025-03-31,"Ticker
^GSPC    5595.379883
Name: 2025-03-31 18:30:00+00:00, dtype: float64","Ticker
^GSPC    0.002907
dtype: float64"
287,2025-04-01,"Ticker
^GSPC    5606.459961
Name: 2025-04-01 18:30:00+00:00, dtype: float64","Ticker
^GSPC    0.00198
dtype: float64"
288,2025-04-02,"Ticker
^GSPC    5653.100098
Name: 2025-04-02 18:30:00+00:00, dtype: float64","Ticker
^GSPC    0.008319
dtype: float64"
289,2025-04-03,"Ticker
^GSPC    5410.819824
Name: 2025-04-03 18:30:00+00:00, dtype: float64","Ticker
^GSPC   -0.042858
dtype: float64"
290,2025-04-04,"Ticker
^GSPC    5123.240234
Name: 2025-04-04 18:30:00+00:00, dtype: float64","Ticker
^GSPC   -0.053149
dtype: float64"
291,2025-04-07,"Ticker
^GSPC    5024.459961
Name: 2025-04-07 18:30:00+00:00, dtype: float64","Ticker
^GSPC   -0.019281
dtype: float64"
292,2025-04-08,"Ticker
^GSPC    4993.209961
Name: 2025-04-08 18:30:00+00:00, dtype: float64","Ticker
^GSPC   -0.00622
dtype: float64"
293,2025-04-09,"Ticker
^GSPC    5423.819824
Name: 2025-04-09 18:30:00+00:00, dtype: float64","Ticker
^GSPC    0.086239
dtype: float64"
294,2025-04-10,"Ticker
^GSPC    5244.189941
Name: 2025-04-10 18:30:00+00:00, dtype: float64","Ticker
^GSPC   -0.033119
dtype: float64"
295,2025-04-11,"Ticker
^GSPC    5365.299805
Name: 2025-04-11 18:30:00+00:00, dtype: float64","Ticker
^GSPC    0.023094
dtype: float64"
296,2025-04-14,"Ticker
^GSPC    5431.899902
Name: 2025-04-14 18:30:00+00:00, dtype: float64","Ticker
^GSPC    0.012413
dtype: float64"
297,2025-04-15,"Ticker
^GSPC    5401.379883
Name: 2025-04-15 18:30:00+00:00, dtype: float64","Ticker
^GSPC   -0.005619
dtype: float64"
298,2025-04-16,"Ticker
^GSPC    5223.669922
Name: 2025-04-16 18:30:00+00:00, dtype: float64","Ticker
^GSPC   -0.032901
dtype: float64"
299,2025-04-17,"Ticker
^GSPC    5289.810059
Name: 2025-04-17 18:30:00+00:00, dtype: float64","Ticker
^GSPC    0.012662
dtype: float64"
300,2025-04-21,"Ticker
^GSPC    5119.709961
Name: 2025-04-21 18:30:00+00:00, dtype: float64","Ticker
^GSPC   -0.032156
dtype: float64"
301,2025-04-22,"Ticker
^GSPC    5263.319824
Name: 2025-04-22 18:30:00+00:00, dtype: float64","Ticker
^GSPC    0.02805
dtype: float64"
302,2025-04-23,"Ticker
^GSPC    5363.779785
Name: 2025-04-23 18:30:00+00:00, dtype: float64","Ticker
^GSPC    0.019087
dtype: float64"
303,2025-04-24,"Ticker
^GSPC    5466.75
Name: 2025-04-24 18:30:00+00:00, dtype: float64","Ticker
^GSPC    0.019197
dtype: float64"
304,2025-04-25,"Ticker
^GSPC    5514.419922
Name: 2025-04-25 18:30:00+00:00, dtype: float64","Ticker
^GSPC    0.00872
dtype: float64"
305,2025-04-28,"Ticker
^GSPC    5523.419922
Name: 2025-04-28 18:30:00+00:00, dtype: float64","Ticker
^GSPC    0.001632
dtype: float64"
306,2025-04-29,"Ticker
^GSPC    5563.450195
Name: 2025-04-29 18:30:00+00:00, dtype: float64","Ticker
^GSPC    0.007247
dtype: float64"
307,2025-04-30,"Ticker
^GSPC    5515.660156
Name: 2025-04-30 18:30:00+00:00, dtype: float64","Ticker
^GSPC   -0.00859
dtype: float64"
308,2025-05-01,"Ticker
^GSPC    5637.759766
Name: 2025-05-01 18:30:00+00:00, dtype: float64","Ticker
^GSPC    0.022137
dtype: float64"
309,2025-05-02,"Ticker
^GSPC    5693.879883
Name: 2025-05-02 18:30:00+00:00, dtype: float64","Ticker
^GSPC    0.009954
dtype: float64"
310,2025-05-05,"Ticker
^GSPC    5665.029785
Name: 2025-05-05 18:30:00+00:00, dtype: float64","Ticker
^GSPC   -0.005067
dtype: float64"
311,2025-05-06,"Ticker
^GSPC    5624.72998
Name: 2025-05-06 18:30:00+00:00, dtype: float64","Ticker
^GSPC   -0.007114
dtype: float64"
312,2025-05-07,"Ticker
^GSPC    5596.299805
Name: 2025-05-07 18:30:00+00:00, dtype: float64","Ticker
^GSPC   -0.005054
dtype: float64"
313,2025-05-08,"Ticker
^GSPC    5707.189941
Name: 2025-05-08 18:30:00+00:00, dtype: float64","Ticker
^GSPC    0.019815
dtype: float64"
314,2025-05-09,"Ticker
^GSPC    5665.600098
Name: 2025-05-09 18:30:00+00:00, dtype: float64","Ticker
^GSPC   -0.007287
dtype: float64"
315,2025-05-12,"Ticker
^GSPC    5830.399902
Name: 2025-05-12 18:30:00+00:00, dtype: float64","Ticker
^GSPC    0.029088
dtype: float64"
316,2025-05-13,"Ticker
^GSPC    5900.899902
Name: 2025-05-13 18:30:00+00:00, dtype: float64","Ticker
^GSPC    0.012092
dtype: float64"
317,2025-05-14,"Ticker
^GSPC    5886.5
Name: 2025-05-14 18:30:00+00:00, dtype: float64","Ticker
^GSPC   -0.00244
dtype: float64"
318,2025-05-15,"Ticker
^GSPC    5901.97998
Name: 2025-05-15 18:30:00+00:00, dtype: float64","Ticker
^GSPC    0.00263
dtype: float64"
319,2025-05-16,"Ticker
^GSPC    5952.569824
Name: 2025-05-16 18:30:00+00:00, dtype: float64","Ticker
^GSPC    0.008572
dtype: float64"
320,2025-05-19,"Ticker
^GSPC    5948.459961
Name: 2025-05-19 18:30:00+00:00, dtype: float64","Ticker
^GSPC   -0.00069
dtype: float64"
321,2025-05-20,"Ticker
^GSPC    5926.220215
Name: 2025-05-20 18:30:00+00:00, dtype: float64","Ticker
^GSPC   -0.003739
dtype: float64"
322,2025-05-21,"Ticker
^GSPC    5835.299805
Name: 2025-05-21 18:30:00+00:00, dtype: float64","Ticker
^GSPC   -0.015342
dtype: float64"
323,2025-05-22,"Ticker
^GSPC    5877.140137
Name: 2025-05-22 18:30:00+00:00, dtype: float64","Ticker
^GSPC    0.00717
dtype: float64"
324,2025-05-23,"Ticker
^GSPC    5810.609863
Name: 2025-05-23 18:30:00+00:00, dtype: float64","Ticker
^GSPC   -0.01132
dtype: float64"
325,2025-05-27,"Ticker
^GSPC    5914.689941
Name: 2025-05-27 18:30:00+00:00, dtype: float64","Ticker
^GSPC    0.017912
dtype: float64"
326,2025-05-28,"Ticker
^GSPC    5906.810059
Name: 2025-05-28 18:30:00+00:00, dtype: float64","Ticker
^GSPC   -0.001332
dtype: float64"
327,2025-05-29,"Ticker
^GSPC    5900.75
Name: 2025-05-29 18:30:00+00:00, dtype: float64","Ticker
^GSPC   -0.001026
dtype: float64"
328,2025-05-30,"Ticker
^GSPC    5917.350098
Name: 2025-05-30 18:30:00+00:00, dtype: float64","Ticker
^GSPC    0.002813
dtype: float64"
329,2025-06-02,"Ticker
^GSPC    5934.080078
Name: 2025-06-02 18:30:00+00:00, dtype: float64","Ticker
^GSPC    0.002827
dtype: float64"
330,2025-06-03,"Ticker
^GSPC    5972.72998
Name: 2025-06-03 18:30:00+00:00, dtype: float64","Ticker
^GSPC    0.006513
dtype: float64"
331,2025-06-04,"Ticker
^GSPC    5980.580078
Name: 2025-06-04 18:30:00+00:00, dtype: float64","Ticker
^GSPC    0.001314
dtype: float64"
332,2025-06-05,"Ticker
^GSPC    5933.810059
Name: 2025-06-05 18:30:00+00:00, dtype: float64","Ticker
^GSPC   -0.00782
dtype: float64"
333,2025-06-06,"Ticker
^GSPC    6003.0
Name: 2025-06-06 18:30:00+00:00, dtype: float64","Ticker
^GSPC    0.01166
dtype: float64"
334,2025-06-09,"Ticker
^GSPC    6014.080078
Name: 2025-06-09 18:30:00+00:00, dtype: float64","Ticker
^GSPC    0.001846
dtype: float64"
335,2025-06-10,"Ticker
^GSPC    6035.5
Name: 2025-06-10 18:30:00+00:00, dtype: float64","Ticker
^GSPC    0.003562
dtype: float64"
336,2025-06-11,"Ticker
^GSPC    6014.0
Name: 2025-06-11 18:30:00+00:00, dtype: float64","Ticker
^GSPC   -0.003562
dtype: float64"
337,2025-06-12,"Ticker
^GSPC    6041.629883
Name: 2025-06-12 18:30:00+00:00, dtype: float64","Ticker
^GSPC    0.004594
dtype: float64"
338,2025-06-13,"Ticker
^GSPC    5970.879883
Name: 2025-06-13 18:30:00+00:00, dtype: float64","Ticker
^GSPC   -0.01171
dtype: float64"
339,2025-06-16,"Ticker
^GSPC    6027.069824
Name: 2025-06-16 18:30:00+00:00, dtype: float64","Ticker
^GSPC    0.009411
dtype: float64"
340,2025-06-17,"Ticker
^GSPC    5988.850098
Name: 2025-06-17 18:30:00+00:00, dtype: float64","Ticker
^GSPC   -0.006341
dtype: float64"
341,2025-06-18,"Ticker
^GSPC    5975.810059
Name: 2025-06-18 18:30:00+00:00, dtype: float64","Ticker
^GSPC   -0.002177
dtype: float64"
342,2025-06-20,"Ticker
^GSPC    5958.390137
Name: 2025-06-20 18:30:00+00:00, dtype: float64","Ticker
^GSPC   -0.002915
dtype: float64"
343,2025-06-23,"Ticker
^GSPC    6016.069824
Name: 2025-06-23 18:30:00+00:00, dtype: float64","Ticker
^GSPC    0.00968
dtype: float64"
344,2025-06-24,"Ticker
^GSPC    6098.759766
Name: 2025-06-24 18:30:00+00:00, dtype: float64","Ticker
^GSPC    0.013745
dtype: float64"
345,2025-06-25,"Ticker
^GSPC    6094.049805
Name: 2025-06-25 18:30:00+00:00, dtype: float64","Ticker
^GSPC   -0.000772
dtype: float64"
346,2025-06-26,"Ticker
^GSPC    6140.149902
Name: 2025-06-26 18:30:00+00:00, dtype: float64","Ticker
^GSPC    0.007565
dtype: float64"
347,2025-06-27,"Ticker
^GSPC    6147.549805
Name: 2025-06-27 18:30:00+00:00, dtype: float64","Ticker
^GSPC    0.001205
dtype: float64"
348,2025-06-30,"Ticker
^GSPC    6202.319824
Name: 2025-06-30 18:30:00+00:00, dtype: float64","Ticker
^GSPC    0.008909
dtype: float64"
349,2025-07-01,"Ticker
^GSPC    6206.120117
Name: 2025-07-01 18:30:00+00:00, dtype: float64","Ticker
^GSPC    0.000613
dtype: float64"
350,2025-07-02,"Ticker
^GSPC    6220.459961
Name: 2025-07-02 18:30:00+00:00, dtype: float64","Ticker
^GSPC    0.002311
dtype: float64"
351,2025-07-03,"Ticker
^GSPC    6276.589844
Name: 2025-07-03 14:30:00+00:00, dtype: float64","Ticker
^GSPC    0.009023
dtype: float64"
352,2025-07-07,"Ticker
^GSPC    6216.779785
Name: 2025-07-07 18:30:00+00:00, dtype: float64","Ticker
^GSPC   -0.009529
dtype: float64"
353,2025-07-08,"Ticker
^GSPC    6226.879883
Name: 2025-07-08 18:30:00+00:00, dtype: float64","Ticker
^GSPC    0.001625
dtype: float64"
354,2025-07-09,"Ticker
^GSPC    6257.850098
Name: 2025-07-09 18:30:00+00:00, dtype: float64","Ticker
^GSPC    0.004974
dtype: float64"
355,2025-07-10,"Ticker
^GSPC    6283.490234
Name: 2025-07-10 18:30:00+00:00, dtype: float64","Ticker
^GSPC    0.004097
dtype: float64"
356,2025-07-11,"Ticker
^GSPC    6265.97998
Name: 2025-07-11 18:30:00+00:00, dtype: float64","Ticker
^GSPC   -0.002787
dtype: float64"
357,2025-07-14,"Ticker
^GSPC    6268.589844
Name: 2025-07-14 18:30:00+00:00, dtype: float64","Ticker
^GSPC    0.000417
dtype: float64"
358,2025-07-15,"Ticker
^GSPC    6254.049805
Name: 2025-07-15 18:30:00+00:00, dtype: float64","Ticker
^GSPC   -0.00232
dtype: float64"
359,2025-07-16,"Ticker
^GSPC    6262.399902
Name: 2025-07-16 18:30:00+00:00, dtype: float64","Ticker
^GSPC    0.001335
dtype: float64"
360,2025-07-17,"Ticker
^GSPC    6300.390137
Name: 2025-07-17 18:30:00+00:00, dtype: float64","Ticker
^GSPC    0.006066
dtype: float64"
361,2025-07-18,"Ticker
^GSPC    6294.169922
Name: 2025-07-18 18:30:00+00:00, dtype: float64","Ticker
^GSPC   -0.000987
dtype: float64"
362,2025-07-21,"Ticker
^GSPC    6314.839844
Name: 2025-07-21 18:30:00+00:00, dtype: float64","Ticker
^GSPC    0.003284
dtype: float64"
363,2025-07-22,"Ticker
^GSPC    6312.779785
Name: 2025-07-22 18:30:00+00:00, dtype: float64","Ticker
^GSPC   -0.000326
dtype: float64"
364,2025-07-23,"Ticker
^GSPC    6353.990234
Name: 2025-07-23 18:30:00+00:00, dtype: float64","Ticker
^GSPC    0.006528
dtype: float64"
365,2025-07-24,"Ticker
^GSPC    6375.060059
Name: 2025-07-24 18:30:00+00:00, dtype: float64","Ticker
^GSPC    0.003316
dtype: float64"
366,2025-07-25,"Ticker
^GSPC    6393.410156
Name: 2025-07-25 18:30:00+00:00, dtype: float64","Ticker
^GSPC    0.002878
dtype: float64"
367,2025-07-28,"Ticker
^GSPC    6380.399902
Name: 2025-07-28 18:30:00+00:00, dtype: float64","Ticker
^GSPC   -0.002035
dtype: float64"
368,2025-07-29,"Ticker
^GSPC    6371.169922
Name: 2025-07-29 18:30:00+00:00, dtype: float64","Ticker
^GSPC   -0.001447
dtype: float64"
369,2025-07-30,"Ticker
^GSPC    6340.600098
Name: 2025-07-30 18:30:00+00:00, dtype: float64","Ticker
^GSPC   -0.004798
dtype: float64"
370,2025-07-31,"Ticker
^GSPC    6347.52002
Name: 2025-07-31 18:30:00+00:00, dtype: float64","Ticker
^GSPC    0.001091
dtype: float64"
371,2025-08-01,"Ticker
^GSPC    6237.220215
Name: 2025-08-01 18:30:00+00:00, dtype: float64","Ticker
^GSPC   -0.017377
dtype: float64"
372,2025-08-04,"Ticker
^GSPC    6321.680176
Name: 2025-08-04 18:30:00+00:00, dtype: float64","Ticker
^GSPC    0.013541
dtype: float64"
373,2025-08-05,"Ticker
^GSPC    6308.870117
Name: 2025-08-05 18:30:00+00:00, dtype: float64","Ticker
^GSPC   -0.002026
dtype: float64"
374,2025-08-06,"Ticker
^GSPC    6349.009766
Name: 2025-08-06 18:30:00+00:00, dtype: float64","Ticker
^GSPC    0.006362
dtype: float64"
375,2025-08-07,"Ticker
^GSPC    6321.899902
Name: 2025-08-07 18:30:00+00:00, dtype: float64","Ticker
^GSPC   -0.00427
dtype: float64"
376,2025-08-08,"Ticker
^GSPC    6391.02002
Name: 2025-08-08 18:30:00+00:00, dtype: float64","Ticker
^GSPC    0.010933
dtype: float64"
377,2025-08-11,"Ticker
^GSPC    6380.609863
Name: 2025-08-11 18:30:00+00:00, dtype: float64","Ticker
^GSPC   -0.001629
dtype: float64"
378,2025-08-12,"Ticker
^GSPC    6441.240234
Name: 2025-08-12 18:30:00+00:00, dtype: float64","Ticker
^GSPC    0.009502
dtype: float64"
379,2025-08-13,"Ticker
^GSPC    6460.77002
Name: 2025-08-13 18:30:00+00:00, dtype: float64","Ticker
^GSPC    0.003032
dtype: float64"
380,2025-08-14,"Ticker
^GSPC    6467.569824
Name: 2025-08-14 18:30:00+00:00, dtype: float64","Ticker
^GSPC    0.001052
dtype: float64"
381,2025-08-15,"Ticker
^GSPC    6454.279785
Name: 2025-08-15 18:30:00+00:00, dtype: float64","Ticker
^GSPC   -0.002055
dtype: float64"
382,2025-08-18,"Ticker
^GSPC    6447.959961
Name: 2025-08-18 18:30:00+00:00, dtype: float64","Ticker
^GSPC   -0.000979
dtype: float64"
383,2025-08-19,"Ticker
^GSPC    6406.970215
Name: 2025-08-19 18:30:00+00:00, dtype: float64","Ticker
^GSPC   -0.006357
dtype: float64"
384,2025-08-20,"Ticker
^GSPC    6397.970215
Name: 2025-08-20 18:30:00+00:00, dtype: float64","Ticker
^GSPC   -0.001405
dtype: float64"
385,2025-08-21,"Ticker
^GSPC    6373.379883
Name: 2025-08-21 18:30:00+00:00, dtype: float64","Ticker
^GSPC   -0.003843
dtype: float64"
386,2025-08-22,"Ticker
^GSPC    6464.779785
Name: 2025-08-22 18:30:00+00:00, dtype: float64","Ticker
^GSPC    0.014341
dtype: float64"
387,2025-08-25,"Ticker
^GSPC    6451.049805
Name: 2025-08-25 18:30:00+00:00, dtype: float64","Ticker
^GSPC   -0.002124
dtype: float64"
388,2025-08-26,"Ticker
^GSPC    6459.080078
Name: 2025-08-26 18:30:00+00:00, dtype: float64","Ticker
^GSPC    0.001245
dtype: float64"
389,2025-08-27,"Ticker
^GSPC    6480.220215
Name: 2025-08-27 18:30:00+00:00, dtype: float64","Ticker
^GSPC    0.003273
dtype: float64"
390,2025-08-28,"Ticker
^GSPC    6502.930176
Name: 2025-08-28 18:30:00+00:00, dtype: float64","Ticker
^GSPC    0.003505
dtype: float64"
391,2025-08-29,"Ticker
^GSPC    6458.47998
Name: 2025-08-29 18:30:00+00:00, dtype: float64","Ticker
^GSPC   -0.006835
dtype: float64"
392,2025-09-02,"Ticker
^GSPC    6402.589844
Name: 2025-09-02 18:30:00+00:00, dtype: float64","Ticker
^GSPC   -0.008654
dtype: float64"
393,2025-09-03,"Ticker
^GSPC    6421.77002
Name: 2025-09-03 18:30:00+00:00, dtype: float64","Ticker
^GSPC    0.002996
dtype: float64"
394,2025-09-04,"Ticker
^GSPC    6490.490234
Name: 2025-09-04 18:30:00+00:00, dtype: float64","Ticker
^GSPC    0.010701
dtype: float64"
395,2025-09-05,"Ticker
^GSPC    6481.97998
Name: 2025-09-05 18:30:00+00:00, dtype: float64","Ticker
^GSPC   -0.001311
dtype: float64"
396,2025-09-08,"Ticker
^GSPC    6485.689941
Name: 2025-09-08 18:30:00+00:00, dtype: float64","Ticker
^GSPC    0.000572
dtype: float64"
397,2025-09-09,"Ticker
^GSPC    6510.620117
Name: 2025-09-09 18:30:00+00:00, dtype: float64","Ticker
^GSPC    0.003844
dtype: float64"
398,2025-09-10,"Ticker
^GSPC    6518.410156
Name: 2025-09-10 18:30:00+00:00, dtype: float64","Ticker
^GSPC    0.001197
dtype: float64"
399,2025-09-11,"Ticker
^GSPC    6587.310059
Name: 2025-09-11 18:30:00+00:00, dtype: float64","Ticker
^GSPC    0.01057
dtype: float64"
400,2025-09-12,"Ticker
^GSPC    6591.47998
Name: 2025-09-12 18:30:00+00:00, dtype: float64","Ticker
^GSPC    0.000633
dtype: float64"
401,2025-09-15,"Ticker
^GSPC    6609.089844
Name: 2025-09-15 18:30:00+00:00, dtype: float64","Ticker
^GSPC    0.002672
dtype: float64"
402,2025-09-16,"Ticker
^GSPC    6609.27002
Name: 2025-09-16 18:30:00+00:00, dtype: float64","Ticker
^GSPC    0.000027
dtype: float64"
403,2025-09-17,"Ticker
^GSPC    6610.649902
Name: 2025-09-17 18:30:00+00:00, dtype: float64","Ticker
^GSPC    0.000209
dtype: float64"
404,2025-09-18,"Ticker
^GSPC    6635.379883
Name: 2025-09-18 18:30:00+00:00, dtype: float64","Ticker
^GSPC    0.003741
dtype: float64"
405,2025-09-19,"Ticker
^GSPC    6664.379883
Name: 2025-09-19 18:30:00+00:00, dtype: float64","Ticker
^GSPC    0.004371
dtype: float64"
406,2025-09-22,"Ticker
^GSPC    6697.970215
Name: 2025-09-22 18:30:00+00:00, dtype: float64","Ticker
^GSPC    0.00504
dtype: float64"
407,2025-09-23,"Ticker
^GSPC    6649.47998
Name: 2025-09-23 18:30:00+00:00, dtype: float64","Ticker
^GSPC   -0.00724
dtype: float64"
408,2025-09-24,"Ticker
^GSPC    6633.569824
Name: 2025-09-24 18:30:00+00:00, dtype: float64","Ticker
^GSPC   -0.002393
dtype: float64"
409,2025-09-25,"Ticker
^GSPC    6599.879883
Name: 2025-09-25 18:30:00+00:00, dtype: float64","Ticker
^GSPC   -0.005079
dtype: float64"
410,2025-09-26,"Ticker
^GSPC    6641.830078
Name: 2025-09-26 18:30:00+00:00, dtype: float64","Ticker
^GSPC    0.006356
dtype: float64"
411,2025-09-29,"Ticker
^GSPC    6651.359863
Name: 2025-09-29 18:30:00+00:00, dtype: float64","Ticker
^GSPC    0.001435
dtype: float64"
412,2025-09-30,"Ticker
^GSPC    6678.810059
Name: 2025-09-30 18:30:00+00:00, dtype: float64","Ticker
^GSPC    0.004127
dtype: float64"
413,2025-10-01,"Ticker
^GSPC    6715.720215
Name: 2025-10-01 18:30:00+00:00, dtype: float64","Ticker
^GSPC    0.005526
dtype: float64"
414,2025-10-02,"Ticker
^GSPC    6720.089844
Name: 2025-10-02 18:30:00+00:00, dtype: float64","Ticker
^GSPC    0.000651
dtype: float64"
415,2025-10-03,"Ticker
^GSPC    6720.629883
Name: 2025-10-03 18:30:00+00:00, dtype: float64","Ticker
^GSPC    0.00008
dtype: float64"
416,2025-10-06,"Ticker
^GSPC    6741.439941
Name: 2025-10-06 18:30:00+00:00, dtype: float64","Ticker
^GSPC    0.003096
dtype: float64"
417,2025-10-07,"Ticker
^GSPC    6709.700195
Name: 2025-10-07 18:30:00+00:00, dtype: float64","Ticker
^GSPC   -0.004708
dtype: float64"
418,2025-10-08,"Ticker
^GSPC    6753.129883
Name: 2025-10-08 18:30:00+00:00, dtype: float64","Ticker
^GSPC    0.006473
dtype: float64"
419,2025-10-09,"Ticker
^GSPC    6729.120117
Name: 2025-10-09 18:30:00+00:00, dtype: float64","Ticker
^GSPC   -0.003555
dtype: float64"
420,2025-10-10,"Ticker
^GSPC    6581.77002
Name: 2025-10-10 18:30:00+00:00, dtype: float64","Ticker
^GSPC   -0.021897
dtype: float64"
421,2025-10-13,"Ticker
^GSPC    6651.060059
Name: 2025-10-13 18:30:00+00:00, dtype: float64","Ticker
^GSPC    0.010528
dtype: float64"
422,2025-10-14,"Ticker
^GSPC    6670.939941
Name: 2025-10-14 18:30:00+00:00, dtype: float64","Ticker
^GSPC    0.002989
dtype: float64"
423,2025-10-15,"Ticker
^GSPC    6676.149902
Name: 2025-10-15 18:30:00+00:00, dtype: float64","Ticker
^GSPC    0.000781
dtype: float64"
424,2025-10-16,"Ticker
^GSPC    6611.129883
Name: 2025-10-16 18:30:00+00:00, dtype: float64","Ticker
^GSPC   -0.009739
dtype: float64"
425,2025-10-17,"Ticker
^GSPC    6673.27002
Name: 2025-10-17 18:30:00+00:00, dtype: float64","Ticker
^GSPC    0.009399
dtype: float64"
426,2025-10-20,"Ticker
^GSPC    6739.160156
Name: 2025-10-20 18:30:00+00:00, dtype: float64","Ticker
^GSPC    0.009874
dtype: float64"
427,2025-10-21,"Ticker
^GSPC    6741.220215
Name: 2025-10-21 18:30:00+00:00, dtype: float64","Ticker
^GSPC    0.000306
dtype: float64"
428,2025-10-22,"Ticker
^GSPC    6696.47998
Name: 2025-10-22 18:30:00+00:00, dtype: float64","Ticker
^GSPC   -0.006637
dtype: float64"
429,2025-10-23,"Ticker
^GSPC    6746.939941
Name: 2025-10-23 18:30:00+00:00, dtype: float64","Ticker
^GSPC    0.007535
dtype: float64"
430,2025-10-24,"Ticker
^GSPC    6804.879883
Name: 2025-10-24 18:30:00+00:00, dtype: float64","Ticker
^GSPC    0.008588
dtype: float64"
431,2025-10-27,"Ticker
^GSPC    6864.689941
Name: 2025-10-27 18:30:00+00:00, dtype: float64","Ticker
^GSPC    0.008789
dtype: float64"
432,2025-10-28,"Ticker
^GSPC    6909.990234
Name: 2025-10-28 18:30:00+00:00, dtype: float64","Ticker
^GSPC    0.006599
dtype: float64"
433,2025-10-29,"Ticker
^GSPC    6876.470215
Name: 2025-10-29 18:30:00+00:00, dtype: float64","Ticker
^GSPC   -0.004851
dtype: float64"
434,2025-10-30,"Ticker
^GSPC    6834.700195
Name: 2025-10-30 18:30:00+00:00, dtype: float64","Ticker
^GSPC   -0.006074
dtype: float64"
435,2025-10-31,"Ticker
^GSPC    6862.609863
Name: 2025-10-31 18:30:00+00:00, dtype: float64","Ticker
^GSPC    0.004084
dtype: float64"
436,2025-11-03,"Ticker
^GSPC    6852.620117
Name: 2025-11-03 19:30:00+00:00, dtype: float64","Ticker
^GSPC   -0.001456
dtype: float64"
437,2025-11-04,"Ticker
^GSPC    6780.140137
Name: 2025-11-04 19:30:00+00:00, dtype: float64","Ticker
^GSPC   -0.010577
dtype: float64"
438,2025-11-05,"Ticker
^GSPC    6818.72998
Name: 2025-11-05 19:30:00+00:00, dtype: float64","Ticker
^GSPC    0.005692
dtype: float64"
439,2025-11-06,"Ticker
^GSPC    6743.819824
Name: 2025-11-06 19:30:00+00:00, dtype: float64","Ticker
^GSPC   -0.010986
dtype: float64"
440,2025-11-07,"Ticker
^GSPC    6706.839844
Name: 2025-11-07 19:30:00+00:00, dtype: float64","Ticker
^GSPC   -0.005484
dtype: float64"
441,2025-11-10,"Ticker
^GSPC    6832.990234
Name: 2025-11-10 19:30:00+00:00, dtype: float64","Ticker
^GSPC    0.018809
dtype: float64"
442,2025-11-11,"Ticker
^GSPC    6848.919922
Name: 2025-11-11 19:30:00+00:00, dtype: float64","Ticker
^GSPC    0.002331
dtype: float64"
443,2025-11-12,"Ticker
^GSPC    6853.109863
Name: 2025-11-12 19:30:00+00:00, dtype: float64","Ticker
^GSPC    0.000612
dtype: float64"
444,2025-11-13,"Ticker
^GSPC    6735.279785
Name: 2025-11-13 19:30:00+00:00, dtype: float64","Ticker
^GSPC   -0.017194
dtype: float64"
445,2025-11-14,"Ticker
^GSPC    6744.220215
Name: 2025-11-14 19:30:00+00:00, dtype: float64","Ticker
^GSPC    0.001327
dtype: float64"
446,2025-11-17,"Ticker
^GSPC    6653.27002
Name: 2025-11-17 19:30:00+00:00, dtype: float64","Ticker
^GSPC   -0.013486
dtype: float64"
447,2025-11-18,"Ticker
^GSPC    6640.149902
Name: 2025-11-18 19:30:00+00:00, dtype: float64","Ticker
^GSPC   -0.001972
dtype: float64"
448,2025-11-19,"Ticker
^GSPC    6650.810059
Name: 2025-11-19 19:30:00+00:00, dtype: float64","Ticker
^GSPC    0.001605
dtype: float64"
449,2025-11-20,"Ticker
^GSPC    6576.319824
Name: 2025-11-20 19:30:00+00:00, dtype: float64","Ticker
^GSPC   -0.0112
dtype: float64"
450,2025-11-21,"Ticker
^GSPC    6611.399902
Name: 2025-11-21 19:30:00+00:00, dtype: float64","Ticker
^GSPC    0.005334
dtype: float64"
451,2025-11-24,"Ticker
^GSPC    6704.160156
Name: 2025-11-24 19:30:00+00:00, dtype: float64","Ticker
^GSPC    0.01403
dtype: float64"
452,2025-11-25,"Ticker
^GSPC    6759.839844
Name: 2025-11-25 19:30:00+00:00, dtype: float64","Ticker
^GSPC    0.008305
dtype: float64"
453,2025-11-26,"Ticker
^GSPC    6826.950195
Name: 2025-11-26 19:30:00+00:00, dtype: float64","Ticker
^GSPC    0.009928
dtype: float64"
454,2025-11-28,"Ticker
^GSPC    6836.140137
Name: 2025-11-28 15:30:00+00:00, dtype: float64","Ticker
^GSPC    0.001346
dtype: float64"
455,2025-12-01,"Ticker
^GSPC    6820.879883
Name: 2025-12-01 19:30:00+00:00, dtype: float64","Ticker
^GSPC   -0.002232
dtype: float64"
456,2025-12-02,"Ticker
^GSPC    6838.450195
Name: 2025-12-02 19:30:00+00:00, dtype: float64","Ticker
^GSPC    0.002576
dtype: float64"
457,2025-12-03,"Ticker
^GSPC    6858.720215
Name: 2025-12-03 19:30:00+00:00, dtype: float64","Ticker
^GSPC    0.002964
dtype: float64"
458,2025-12-04,"Ticker
^GSPC    6840.75
Name: 2025-12-04 19:30:00+00:00, dtype: float64","Ticker
^GSPC   -0.00262
dtype: float64"
459,2025-12-05,"Ticker
^GSPC    6871.899902
Name: 2025-12-05 19:30:00+00:00, dtype: float64","Ticker
^GSPC    0.004554
dtype: float64"
460,2025-12-08,"Ticker
^GSPC    6837.459961
Name: 2025-12-08 19:30:00+00:00, dtype: float64","Ticker
^GSPC   -0.005012
dtype: float64"
461,2025-12-09,"Ticker
^GSPC    6844.720215
Name: 2025-12-09 19:30:00+00:00, dtype: float64","Ticker
^GSPC    0.001062
dtype: float64"
462,2025-12-10,"Ticker
^GSPC    6892.129883
Name: 2025-12-10 19:30:00+00:00, dtype: float64","Ticker
^GSPC    0.006926
dtype: float64"
463,2025-12-11,"Ticker
^GSPC    6894.919922
Name: 2025-12-11 19:30:00+00:00, dtype: float64","Ticker
^GSPC    0.000405
dtype: float64"
464,2025-12-12,"Ticker
^GSPC    6823.759766
Name: 2025-12-12 19:30:00+00:00, dtype: float64","Ticker
^GSPC   -0.010321
dtype: float64"
465,2025-12-15,"Ticker
^GSPC    6819.830078
Name: 2025-12-15 19:30:00+00:00, dtype: float64","Ticker
^GSPC   -0.000576
dtype: float64"
466,2025-12-16,"Ticker
^GSPC    6801.379883
Name: 2025-12-16 19:30:00+00:00, dtype: float64","Ticker
^GSPC   -0.002705
dtype: float64"
467,2025-12-17,"Ticker
^GSPC    6733.990234
Name: 2025-12-17 19:30:00+00:00, dtype: float64","Ticker
^GSPC   -0.009908
dtype: float64"
468,2025-12-18,"Ticker
^GSPC    6784.899902
Name: 2025-12-18 19:30:00+00:00, dtype: float64","Ticker
^GSPC    0.00756
dtype: float64"
469,2025-12-19,"Ticker
^GSPC    6833.47998
Name: 2025-12-19 19:30:00+00:00, dtype: float64","Ticker
^GSPC    0.00716
dtype: float64"
470,2025-12-22,"Ticker
^GSPC    6877.390137
Name: 2025-12-22 19:30:00+00:00, dtype: float64","Ticker
^GSPC    0.006426
dtype: float64"
471,2025-12-23,"Ticker
^GSPC    6906.919922
Name: 2025-12-23 19:30:00+00:00, dtype: float64","Ticker
^GSPC    0.004294
dtype: float64"
472,2025-12-24,"Ticker
^GSPC    6928.939941
Name: 2025-12-24 15:30:00+00:00, dtype: float64","Ticker
^GSPC    0.003188
dtype: float64"
473,2025-12-26,"Ticker
^GSPC    6930.089844
Name: 2025-12-26 19:30:00+00:00, dtype: float64","Ticker
^GSPC    0.000166
dtype: float64"
474,2025-12-29,"Ticker
^GSPC    6909.669922
Name: 2025-12-29 19:30:00+00:00, dtype: float64","Ticker
^GSPC   -0.002947
dtype: float64"
475,2025-12-30,"Ticker
^GSPC    6902.859863
Name: 2025-12-30 19:30:00+00:00, dtype: float64","Ticker
^GSPC   -0.000986
dtype: float64"
476,2025-12-31,"Ticker
^GSPC    6854.370117
Name: 2025-12-31 19:30:00+00:00, dtype: float64","Ticker
^GSPC   -0.007025
dtype: float64"
477,2026-01-02,"Ticker
^GSPC    6858.689941
Name: 2026-01-02 19:30:00+00:00, dtype: float64","Ticker
^GSPC    0.00063
dtype: float64"
478,2026-01-05,"Ticker
^GSPC    6905.569824
Name: 2026-01-05 19:30:00+00:00, dtype: float64","Ticker
^GSPC    0.006835
dtype: float64"
479,2026-01-06,"Ticker
^GSPC    6945.410156
Name: 2026-01-06 19:30:00+00:00, dtype: float64","Ticker
^GSPC    0.005769
dtype: float64"
480,2026-01-07,"Ticker
^GSPC    6928.930176
Name: 2026-01-07 19:30:00+00:00, dtype: float64","Ticker
^GSPC   -0.002373
dtype: float64"
481,2026-01-08,"Ticker
^GSPC    6921.060059
Name: 2026-01-08 19:30:00+00:00, dtype: float64","Ticker
^GSPC   -0.001136
dtype: float64"
482,2026-01-09,"Ticker
^GSPC    6975.740234
Name: 2026-01-09 19:30:00+00:00, dtype: float64","Ticker
^GSPC    0.007901
dtype: float64"
483,2026-01-12,"Ticker
^GSPC    6978.899902
Name: 2026-01-12 19:30:00+00:00, dtype: float64","Ticker
^GSPC    0.000453
dtype: float64"
484,2026-01-13,"Ticker
^GSPC    6944.77002
Name: 2026-01-13 19:30:00+00:00, dtype: float64","Ticker
^GSPC   -0.00489
dtype: float64"
485,2026-01-14,"Ticker
^GSPC    6915.459961
Name: 2026-01-14 19:30:00+00:00, dtype: float64","Ticker
^GSPC   -0.00422
dtype: float64"
486,2026-01-15,"Ticker
^GSPC    6942.700195
Name: 2026-01-15 19:30:00+00:00, dtype: float64","Ticker
^GSPC    0.003939
dtype: float64"
487,2026-01-16,"Ticker
^GSPC    6945.790039
Name: 2026-01-16 19:30:00+00:00, dtype: float64","Ticker
^GSPC    0.000445
dtype: float64"
488,2026-01-20,"Ticker
^GSPC    6796.720215
Name: 2026-01-20 19:30:00+00:00, dtype: float64","Ticker
^GSPC   -0.021462
dtype: float64"
489,2026-01-21,"Ticker
^GSPC    6876.890137
Name: 2026-01-21 19:30:00+00:00, dtype: float64","Ticker
^GSPC    0.011795
dtype: float64"
490,2026-01-22,"Ticker
^GSPC    6905.600098
Name: 2026-01-22 19:30:00+00:00, dtype: float64","Ticker
^GSPC    0.004175
dtype: float64"
491,2026-01-23,"Ticker
^GSPC    6911.629883
Name: 2026-01-23 19:30:00+00:00, dtype: float64","Ticker
^GSPC    0.000873
dtype: float64"
492,2026-01-26,"Ticker
^GSPC    6958.899902
Name: 2026-01-26 19:30:00+00:00, dtype: float64","Ticker
^GSPC    0.006839
dtype: float64"
493,2026-01-27,"Ticker
^GSPC    6983.589844
Name: 2026-01-27 19:30:00+00:00, dtype: float64","Ticker
^GSPC    0.003548
dtype: float64"
494,2026-01-28,"Ticker
^GSPC    6977.680176
Name: 2026-01-28 19:30:00+00:00, dtype: float64","Ticker
^GSPC   -0.000846
dtype: float64"
495,2026-01-29,"Ticker
^GSPC    6938.109863
Name: 2026-01-29 19:30:00+00:00, dtype: float64","Ticker
^GSPC   -0.005671
dtype: float64"
496,2026-01-30,"Ticker
^GSPC    6922.890137
Name: 2026-01-30 19:30:00+00:00, dtype: float64","Ticker
^GSPC   -0.002194
dtype: float64"
497,2026-02-02,"Ticker
^GSPC    6980.080078
Name: 2026-02-02 19:30:00+00:00, dtype: float64","Ticker
^GSPC    0.008261
dtype: float64"
498,2026-02-03,"Ticker
^GSPC    6897.490234
Name: 2026-02-03 19:30:00+00:00, dtype: float64","Ticker
^GSPC   -0.011832
dtype: float64"
499,2026-02-04,"Ticker
^GSPC    6897.419922
Name: 2026-02-04 19:30:00+00:00, dtype: float64","Ticker
^GSPC   -0.00001
dtype: float64"
500,2026-02-05,"Ticker
^GSPC    6799.049805
Name: 2026-02-05 19:30:00+00:00, dtype: float64","Ticker
^GSPC   -0.014262
dtype: float64"
501,2026-02-06,"Ticker
^GSPC    6919.810059
Name: 2026-02-06 19:30:00+00:00, dtype: float64","Ticker
^GSPC    0.017761
dtype: float64"
